result_id,image_url_magicalgirl_gazo,image_url_magicalgirl_name,content,status,strengths,zyakuten,refresh,job
1,/girudo_image_1-1.gif,/girudo1_1.gif,"リーダーシップを発揮し、チームを統率することを得意とする魔法少女です。
彼女の戦闘スタイルは、長期的な視野に立って敵の動きを予測し、味方を指揮することにあります。
敵の攻撃を予見して適切な対策を準備し、戦況を冷静に分析して最良の戦術を選択します。
リーダーとして、彼女は仲間の魔法少女たちに指示を出し、彼女たちの力を結集して敵に対抗します。",/status1_1.gif,"・戦略的思考に長けており、将来の目標に向けた長期計画を重視するよ。
・計画的なアプローチを好み、業務を効率的に進めるためのシステムを構築することが得意だよ。
・リーダーシップ能力が高く、組織やチームを指導し、共通の目標に向かって導くことができるよ。","・全てを管理しようとする傾向があり、他人の創造性や柔軟性を抑制してしまう可能性があるよ。
・感情的な問題や対人関係のトラブルに対応するのが苦手だよ。
・一度確立された戦略や計画に固執し、新たなアイデアや変更に対して抵抗感を示すことがあるよ。",温泉巡り：考えることをやめて、ゆっくりお湯に浸かってみよう！,経営者、マネージャー、人事事務、教育者
2,/girudo_image_1-2.gif,/girudo1_2.gif,"最新の魔法を駆使して戦闘に革新をもたらすことを楽しむ魔法少女です。
彼女の戦闘スタイルは、新たな魔法により予測不能な攻撃を繰り出すことにあります。
戦闘中にも、瞬時に新しい戦術や魔法を創出し、変わりゆく戦況に素早く適応する能力を持っています。
彼女は破壊と創造のサイクルを繰り返しながら、刺激的な戦いを好みます。",/status1_2.gif,"・常に既存の方法に疑問を持ち、改善と効率化を追求するよ。
・新しいアイデアや革新的な解決策を積極的に提案し、変化を促進するよ。
・最新のテクノロジーや手法を迅速に取り入れ、革新を先導することが得意だよ。","・長期にわたるプロジェクトや繰り返しの作業に対する耐性が低く、すぐに飽きてしまうことがあるよ。
・自分のアイデアが受け入れられない場合、批判に敏感になり、やる気を失うことがあるよ。
・アイデアを持っていても、計画を立てることが苦手なため、困難にぶつかることがあるよ。",料理：自分だけのオリジナルレシピを考えることで、創造性を発揮できます！,プログラマー、ウェブデザイナー、ITコンサルタント、販売員
3,/girudo_image_2-1.gif,/girudo2_1.gif,"創造する物語が現実世界に影響を及ぼす力を持っている魔法少女です。
彼女の戦闘スタイルは、幻想的な夢の世界を構築し、敵をその中へと誘い込みます。
彼女は敵の心を掌握し、幻覚を操ることで戦いを自らの有利に進めます。
敵は夢の中で迷い惑わされることで、現実と夢の境界を見失い、彼女が創り出した夢の世界で精神を蝕まれます。",/status2_1.gif,"・聞き手を魅了する物語を創り出し、心に響くメッセージを伝える能力に秀でているよ。
・豊かな想像力を駆使して、物語や例え話によって複雑な概念を分かりやすく伝えることが得意だよ。
・文学的、芸術的な感性を活かし、独自の創造性を展開できるよ。","・批評に対して過敏になりがちで、否定的なコメントを受け止めるのが苦手です。
・1つのことに没頭しすぎて時間を見失い、スケジュール管理がおろそかになることがあるよ。
・理想と実際の状況の違いにぶつかると、現実的な解決策を見つけるのが苦手だよ。",映画鑑賞：映画観賞を通じて、新たなインスピレーションを得てみよう！,作家、広告クリエイター、図書館司書、記者
4,/girudo_image_2-2.gif,/girudo2_2.gif,"時空を超える速さで移動し、敵が反応する前に攻撃を仕掛ける魔法少女です。
彼女の戦闘スタイルは、流行しているモノやアイデアを武器に変え、それらを使って戦場を自らのランウェイに変えます。
敵を驚かせるような速さと斬新な戦術や魔法のアクセサリーを用い、常に一歩先を行くことで、戦場に新たな風を巻き起こします。",/status2_2.gif,"・最新のトレンドを迅速に取り入れ、それを人々に広めることに喜びを感じるよ。
・個性的なスタイルやアイディアで他人を引っ張り、新しいムーブメントを作りすことができるよ。
・ファッション、テクノロジー、ライフスタイルの各分野で斬新なアイデアを提案することが得意だよ。","・既存の方法に対する評価が低い傾向にあるよ。
・トレンドに敏感すぎるあまり、短期間で関心が移り変わり、持続可能な関心や取り組みを維持するのが苦手だよ。
・猪突猛進になって、周囲が見えていないことがあるよ。",流行りのカフェに行く：新しい飲み物や料理を食べたり、素敵なインテリアや雰囲気を楽しんでみよう！,デザイナー、マーケティングアナリスト、インフルエンサー、美容部員
5,/girudo_image_3-1.gif,/girudo3_1.gif,"長期的な戦略と計画を得意とする魔法少女です。
彼女の戦闘スタイルは、月のフェーズに応じて変わる未来視の能力を駆使し、各フェーズで異なる未来を予測します。
新月では直近の未来を、満月ではより遠い未来を見ることができます。
彼女は戦場を俯瞰し、冷静かつ戦略的に行動して敵を確実に討伐します。",/status3_1.gif,"・長期的な視点から戦略を立て、計画を実行するのが得意だよ。
・明確なビジョンと目標を設定し、それに向かう道筋を描くことができるよ。
・複雑な情報をまとめ上げ、効率的な行動計画を策定することが得意だよ。","・予期せぬ変更や急な問題に対応するのが苦手だよ。
・論理的かつデータに基づく判断を好むため、感情的な側面を考慮した決定を下すことが苦手だよ。
・複数のタスクを同時に処理することが苦手だよ。",戦略ゲーム：自分の意思決定が結果に直結するため、自己成長や挑戦への満足感を得られるよ！,プロジェクトマネージャー、システムエンジニア、経理事務、戦略コンサルタント
6,/girudo_image_3-2.gif,/girudo3_2.gif,"星座と天体の配置から得たデータを分析し、戦場の状況を読み解く魔法少女です。
彼女の戦闘スタイルは、敵の弱点を見極め、データに基づいた精密な攻撃を行うことに特化しています。
戦場の状況をリアルタイムで分析し、敵の行動パターンを予測して対策を講じます。
彼女の魔法は、データを駆使して、最適な攻撃ポイントを判断することで、敵に致命的なダメージを与えることができます。",/status3_2.gif,"・データと統計を基にした分析を行い、データ主導での意思決定を得意だよ。
・詳細なデータ収集と分析を通して問題の根本原因を明らかにすることができるよ。
・得られたデータから洞察を引き出し、適切な解決策を見つけ出すことが得意だよ。","・データに頼ることを好むため、直感やひらめきに基づく判断が苦手だよ。
・創造的なアイデアやデザインに関するタスクが苦手だよ。
・曖昧で定義されていないタスクやプロジェクトに対応するのが苦手だよ。",育成ゲーム：様々なキャラクターやアイテムをコレクションし、達成感を味わうことができるよ！,データアナリスト、薬剤師、経理事務、CADオペレーター
7,/girudo_image_4-1.gif,/girudo4_1.gif,"自身と敵の心をつなぎ、和をもたらす魔法少女です。
濁った心に虹色の光を送り込むことで、ポジティブなエネルギーを呼び起こし、争いを和解に導くことです。
彼女の魔法は敵の怒りを鎮め、誤解を解き、戦闘を避けることができます。
対話を通じて敵の心を開き、平和的な解決策を見つけます。",/status4_1.gif,"・人間関係を大切にし、人とのつながりを深めることが得意だよ。
・親しみやすさと人を惹きつける魅力により、幅広いネットワークを構築することができるよ。
・前向きなコミュニケーションを通じて、モチベーションの向上やポジティブな職場環境の促進に貢献するよ。","・抽象的なアイデアや人間関係に注力するため、具体的なデータ分析や細かな作業は苦手だよ。
・人との交流を好むため、単独での長時間作業には不満を感じやすいですことがあるよ。
・感情に流されやすく、時には感情的な判断が理性的な判断を上回ることがあるよ。",友達や家族と話す：気持ちを共有したり、笑い合ったりすることでリラックスできるよ！,営業、保育士、カウンセラー、人事事務
8,/girudo_image_4-2.gif,/girudo4_2.gif,"対立を和解へと導く魔法の力を持つ魔法少女です。
彼女の戦闘スタイルは、穏やかな旋律で戦場を包み込み、仲間の心を落ち着かせ、全員が能力を最大限に発揮できるようにすることです。
また、チームの結束力を深め、持続可能な戦闘力を維持できるようにサポートします。",/status4_2.gif,"・様々な意見や視点を統合し、多様性を尊重することができるよ。
・グループディスカッションの中で、新しいアイデアや解決策を引き出す能力があるよ。
・見守りながら、誰かをサポートすることが得意だよ。","・自分が強いリーダーシップや明確な指示を要求される状況に苦手だよ。
・タスクの効率化や時間管理において、柔軟性が過ぎてしまうことで、目標達成が困難になる場合があるよ。
・チーム内での調和を最優先に考えるあまり、厳しい意見や批判を避けがちになるよ。",お散歩：散歩や軽いハイキングを通じて自然と触れ合い、心身ともにリフレッシュしよう！,イベントプランナー、総務事務、営業アシスタント、秘書